<?xml version="1.0" encoding="ISO-8859-1"?>
<project name="Struts Framework"
         href="http://jakarta.apache.org/struts"
        image="images/struts.gif">

    <title>Struts Framework</title>

    <menu name="Documentation">
        <item name="Home"                   href="index.html"/>
        <item name="Installation"           href="installation.html"/>
	<item name="User Guide (1.0)"       href="userGuide/index.html"/>
        <item name="Javadoc"                href="api/index.html"/>
        <item name="Release Notes (1.0b1)"  href="release.html"/>
        <item name="Resources"              href="userGuide/resources.html"/>
        <item name="TODO List (1.1)"        href="todo-1.1.html"/>
    </menu>

    <menu name="Java Developer Guides">
        <item name="Digester"
              href="api/org/apache/struts/digester/package-summary.html#package_description"/>
        <item name="Utilities"
              href="api/org/apache/struts/util/package-summary.html#package_description"/>
    </menu>

    <menu name="Tag Library Guides">
        <item name="Bean Tags"
              href="api/org/apache/struts/taglib/bean/package-summary.html#package_description"/>
        <item name="HTML Tags"
              href="api/org/apache/struts/taglib/html/package-summary.html#package_description"/>
        <item name="Logic Tags"
              href="api/org/apache/struts/taglib/logic/package-summary.html#package_description"/>
        <item name="Template Tags"
              href="api/org/apache/struts/taglib/template/package-summary.html#package_description"/>
    </menu>

    <menu name="Tag Library Reference">
        <item name="Bean Tags"          href="struts-bean.html"/>
        <item name="HTML Tags"          href="struts-html.html"/>
        <item name="Logic Tags"         href="struts-logic.html"/>
        <item name="Template Tags"      href="struts-template.html"/>
    </menu>

    <menu name="Old Documents">
        <item name="Tag Library (Old)"  href="tags.html"/>
        <item name="User's Guide (Old)" href="users_guide.html"/>
    </menu>

</project>






