<?xml version="1.0" encoding="ISO-8859-1" ?>

<!DOCTYPE struts-config PUBLIC
          "-//Apache Software Foundation//DTD Struts Configuration 1.0//EN"
          "http://jakarta.apache.org/struts/dtds/struts-config_1_0.dtd">

<!--
     This is the Struts configuration file for the example application,
     using the proposed new syntax.

     NOTE:  You would only flesh out the details in the "form-bean"
     declarations if you had a generator tool that used them to create
     the corresponding Java classes for you.  Otherwise, you would
     need only the "form-bean" element itself, with the corresponding
     "name" and "type" attributes.
-->


<struts-config>


  <!-- ========== Data Source Configuration =============================== -->
<!--
  <data-sources>
    <data-source
       autoCommit="false"
      description="Example Data Source Configuration"
      driverClass="org.postgresql.Driver"
         maxCount="4"
         minCount="2"
         password="mypassword"
              url="jdbc:postgresql://localhost/mydatabase"
             user="myusername"
    />
  </data-sources>
-->

  <!-- ========== Form Bean Definitions =================================== -->
  <form-beans>

    <!-- Logon form bean -->
    <form-bean      name="logonForm"
                    type="org.apache.struts.example.LogonForm"/>

    <!-- Registration form bean -->
    <form-bean      name="registrationForm"
                    type="org.apache.struts.example.RegistrationForm"/>

    <!-- Subscription form bean -->
    <form-bean      name="subscriptionForm"
                    type="org.apache.struts.example.SubscriptionForm"/>

  </form-beans>


  <!-- ========== Global Forward Definitions ============================== -->
  <global-forwards>
    <forward   name="logon"                path="/logon.jsp"/>
    <forward   name="success"              path="/mainMenu.jsp"/>
  </global-forwards>


  <!-- ========== Action Mapping Definitions ============================== -->
  <action-mappings>

    <!-- Edit user registration -->
    <action    path="/editRegistration"
               type="org.apache.struts.example.EditRegistrationAction"
               name="registrationForm"
              scope="request"
           validate="false">
      <forward name="success"              path="/registration.jsp"/>
    </action>

    <!-- Edit mail subscription -->
    <action    path="/editSubscription"
               type="org.apache.struts.example.EditSubscriptionAction"
               name="subscriptionForm"
              scope="request"
           validate="false">
      <forward name="failure"              path="/mainMenu.jsp"/>
      <forward name="success"              path="/subscription.jsp"/>
    </action>

    <!-- Process a user logoff -->
    <action    path="/logoff"
               type="org.apache.struts.example.LogoffAction">
      <forward name="success"              path="/index.jsp"/>
    </action>

    <!-- Process a user logon -->
    <action    path="/logon"
               type="org.apache.struts.example.LogonAction"
               name="logonForm"
              scope="request"
              input="/logon.jsp">
    </action>

    <!-- Save user registration -->
    <action    path="/saveRegistration"
               type="org.apache.struts.example.SaveRegistrationAction"
               name="registrationForm"
              scope="request"
              input="/registration.jsp"/>

    <!-- Save mail subscription -->
    <action    path="/saveSubscription"
               type="org.apache.struts.example.SaveSubscriptionAction"
               name="subscriptionForm"
              scope="request"
              input="/subscription.jsp">
      <forward name="success"         path="/editRegistration.do?action=Edit"/>
    </action>


    <!-- The standard administrative actions available with Struts -->
    <!-- These would be either omitted or protected by security -->
    <!-- in a real application deployment -->
    <action    path="/admin/addFormBean"
               type="org.apache.struts.actions.AddFormBeanAction"/>
    <action    path="/admin/addForward"
               type="org.apache.struts.actions.AddForwardAction"/>
    <action    path="/admin/addMapping"
               type="org.apache.struts.actions.AddMappingAction"/>
    <action    path="/admin/reload"
               type="org.apache.struts.actions.ReloadAction"/>
    <action    path="/admin/removeFormBean"
               type="org.apache.struts.actions.RemoveFormBeanAction"/>
    <action    path="/admin/removeForward"
               type="org.apache.struts.actions.RemoveForwardAction"/>
    <action    path="/admin/removeMapping"
               type="org.apache.struts.actions.RemoveMappingAction"/>


  </action-mappings>

</struts-config>
