<?xml version="1.0"?>
<document url="./index.xml">

  <properties>
    <author>Craig R. McClanahan</author>
    <author>Mike Schachter</author>
    <author>Larry McCay</author>
    <author>Ted Husted</author>
    <title>The Struts User's Guide - Table of Contents</title>
  </properties>

  <body>

    <chapter name="0. Contents" href="contents">

      <section name="Table of Contents" href="toc">

        <ul>
            <li><a href="introduction.html">1. Introduction</a>
                <ul>
                <li><a href="introduction.html#preface">1.1 Preface: Forward into the Past!</a></li>
                <li><a href="introduction.html#mvc">1.2 The Model-View-Controller ('MVC') Design Pattern</a></li>
                <li><a href="introduction.html#overview">1.3 Struts Framework Overview</a></li>
                <li><a href="introduction.html#modelConcepts">1.4 The Model: System State and Business Logic JavaBeans</a></li>
                <li><a href="introduction.html#presentationConcepts">1.5 The View: JSP Pages and Presentation Components</a></li>
                <li><a href="introduction.html#controllerConcepts">1.6 The Controller: ActionServlet and ActionMapping</a></li>
                </ul></li>
            <li><a href="building_model.html">2. Building Model Components</a>
                <ul>
                <li><a href="building_model.html#overview">2.1 Overview</a></li>
                <li><a href="building_model.html#javabeans">2.2 JavaBeans and Scope</a></li>
                <li><a href="building_model.html#actionform">2.3 ActionForm Beans</a></li>
                <li><a href="building_model.html#system_state">2.4 System State Beans</a></li>
                <li><a href="building_model.html#business_logic">2.5 Business Logic Beans</a></li>
                <li><a href="building_model.html#databases">2.6 Accessing Relational Databases</a></li>
                </ul></li>
            <li><a href="building_view.html">3. Building View Components</a>
                <ul>
                <li><a href="building_view.html#overview">3.1 Overview</a></li>
                <li><a href="building_view.html#i18n">3.2 Internationalization</a></li>
                <li><a href="building_view.html#form_beans">3.3 Forms and FormBean Interactions</a>
                    <ul>
                    <li><a href="building_view.html#forms">3.3.1 Building Forms With Struts</a></li>
                    <li><a href="building_view.html#form_input">3.3.2 Input Field Types Supported</a></li>
                    <li><a href="building_view.html#presentation_tags">3.3.3 Other Useful Presentation Tags</a></li>
                    <li><a href="building_view.html#form_validation">3.3.4 Automatic Form Validation</a></li>
                    </ul></li>
                <li><a href="building_view.html#other_presentations">3.4 Other Presentation Techniques</a>
                    <ul>
                    <li><a href="building_view.html#custom_tags">3.4.1 Application-Specific Custom Tags</a></li>
                    <li><a href="building_view.html#includes">3.4.2 Page Composition With Includes</a></li>
                    <li><a href="building_view.html#image_rendering">3.4.3 Image Rendering Components</a></li>
                    </ul></li>
                </ul></li>
            <li><a href="building_controller.html">4. Building Controller Components</a>
                <ul>
                <li><a href="building_controller.html#overview">4.1 Overview</a></li>
                <li><a href="building_controller.html#action_classes">4.2 Action Classes</a></li>
                <li><a href="building_controller.html#actionmapping">4.3 The ActionMapping Implementation</a></li>
                <li><a href="building_controller.html#config">4.4 The Action Mappings Configuration File</a></li>
                <li><a href="building_controller.html#dd_config">4.5 The Web Application Deployment Descriptor</a>
                    <ul>
                    <li><a href="building_controller.html#dd_config_servlet">4.5.1 Configure the Action Servlet Instance</a></li>
                    <li><a href="building_controller.html#dd_config_mapping">4.5.2 Configure the Action Servlet Mapping</a></li>
                    <li><a href="building_controller.html#dd_config_taglib">4.5.3 Configure the Struts Tag Library</a></li>
                    <li><a href="building_controller.html#config_add">4.6 Add Struts Components To Your Application</a></li>
                    </ul></li>
                </ul></li>
            <li><a href="resources.html">5. Resources</a></li>
        </ul>

      </section>

    </chapter>

  </body>

</document>
